IBAN,clientes,tipoCuenta,saldo,nominaMes,mediaNomina
ES5630637645145809278031,'cc96e4a2-0abc-3daa-87f2-b7495a6ae260','Ahorros',51.858,980,980
ES1710016934156652502155,'7b2686e5-01cf-355c-b34b-77ae66ffd904','Ahorros',8792.15,1017,1000
ES1831043321193688784620,'fc207196-8583-3917-b3a6-443ca93e25ef','Personal',112.24,1200,996.43
ES1130577656117414915251,'b9e9f368-a32f-3cb5-b860-82cfa3a3e82d','Personal',297613.97,3258.6,3200
ES3701681366715524583976,'4b0c1232-b0f4-3cb2-85c5-f62d1b362ad9','Ahorros',23.81,525.14,706
ES7901498602996700119149,'1b91692c-8ac4-3e00-bdfa-3749f1286c95','Personal',26409.2,2000,2000
ES5101540451110372336177,'694476d2-b213-3d05-8f82-b371b81a99ab','Personal',18274.6,3200,2700
ES9621052251244579154224,'81942ad5-70b4-38de-aa41-4a17ac40bcf6','Personal',45067.8,1500.2,3200
ES5312360852976796136917,'27648b5e-051f-3d9e-ab66-f05dd4211f74','Personal',28900.12,1200,1105
ES0600959276628273972408,'5bfc8d60-db56-39b8-8910-ac24b1c0e937','Ahorros',9548.47,339.4,700
ES8920284630252751199867,'d2330ee9-28bc-334e-9425-e36cf94454a1','Ahorros',1889.68,678,800
ES7130857979532315145902,'18729732-a351-3e51-8f9f-9e4ec1f97ef5','Ahorros',30.97,240.72,82
ES5304884925197529680601,'4bff0752-5af8-35b4-8e3f-3ee6a9542a77','Ahorros',7186.18,2800.01,3000
ES0302302987927362099451,'e588c751-3072-363c-bf1e-8f14cbedaed3','Ahorros',5725.7,1009.57,980
ES4400974726098512800357,'aaadb0fa-a96e-35bb-9fcc-20271f867c5e','Ahorros',0,0,0
ES6631830526966728022514,'39209447-3ffd-31a0-944f-71f2550e7ad5','Ahorros',10.2,35.64,40.67
ES7500971121095176874084,'4dd25d0b-f870-3cd8-b8a4-1c69df82fed2','Ahorros',5154.31,2375.17,2100
ES7500971121095176874085,'8c7d8981-0787-3f87-b8eb-258a171c26f4','Ahorros',1761.41,1000,1000
ES2331403726762961999171,'104942e2-2a79-3f88-b29b-d531fbfd6b93','Personal',47781.14,1500,1500
ES9731312596415195962344,'16bc4e32-6db8-3001-b546-67c6f78d0313','Personal',35814.81,1200,980
ES2220861851469588689149,'e68bcfd2-dd91-3a83-84fa-38b17bf77af5','Personal',33467.51,3950,2600
ES6302026203106361358740,'4836d5d5-8564-3599-8474-4322cb7bc54c','Personal',10051.73,1000.77,1336.8
ES5501040751340464595783,'52814732-0c70-325c-9bc8-7c696c5b3de7','Personal',40041.34,1124.8,1300
ES6701825551713755545241,'39786164-237f-32c9-a2b0-e22e15afbf2f','Personal',322768.85,1500,980
ES8920527612316483781063,'d9db876f-2b2e-34d3-9566-31e0437306fd','Personal',47000.15,2000,2000
ES0401332951162192206717,'548bfd47-7931-3fec-ac54-bbaf969311c0','Ahorros',2125.97,980,1200
ES5900730382163175033645,'da3b368e-d75f-3e19-a0b3-e8454ec11c3e','Ahorros',2325.79,150,300
ES1714940026286407172485,'94056002-047b-337e-8a05-43a7a5296bc5','Ahorros',2205.96,770,800
ES7331215503589505142705,'ff2d44ea-7437-3dc0-ae20-ee6d9be37082','Personal',35737,1200,2200
ES9002270318890805824158,'f9a0dc00-ef3d-3c8e-a14f-eb1732ee13bc','Personal',15510.17,980,1750
ES4402099799289935670258,'89e16e10-566f-3905-a700-e941c1f8e90f','Personal',42341.82,1780,2000
ES5900587591630242128149,'cae40185-58c9-369a-be9a-28948453e988','Personal',24146.94,2984,2000
ES1220809917524711754473,'37d8d125-52f6-38c6-a480-0b774d33d578','Ahorros',55.7,55.7,55.7
ES3020405034477891655883,'afba8c66-0e8d-3043-9206-905ec158b14d','Ahorros',4747.6,365,500
ES0921033396840563506990,'9eae39d8-1286-338c-9ccc-febb7a0960d7','Ahorros',19134.54,1870.70,2200.20
ES7220117371954924952094,'9fe6dc3e-d2ce-3ab3-aae9-e5c4f48df1a1','Ahorros',2.29,110.62,350.50
ES1001551318117086038214,'399be0a2-9285-3f8c-bb30-3cab5e43acd4','Personal',61866.19,1850.50,2000
ES9400191424391295461666,'9d66f444-253a-3288-bf4b-da0346060e37','Personal',31946,2200.10,1100
ES0200111595599590239344,'e59fdfe5-840a-3cdb-af1a-31d98b2f7863','Ahorros',1912.86,222.25,334.386
ES8231129406898501710837,'075d1279-e8c8-3868-a3c4-2f43cefa7b49','Empresarial',770065.01,15098.77630,69363
ES3401853620396807742947,'44b61fb5-7364-3dfd-ad25-13453efd9b5c','Empresarial',500015.73,20954.89,68872.97
ES4500043037319066375066,'f17ab904-7359-34c6-9896-95c828332658','Empresarial',771732.67,274315.64,3005000
ES5202180395834796389622,'f3e41661-c132-3338-860e-7bde96b4c484','Empresarial',1000000,570600.10,600000
ES5815024923082224260803,'95a342b4-e3d8-3761-beba-2b610ac3fc77','Empresarial',577475.83,18000,35000
ES8620052355135806122814,'21152f4b-b280-380c-971a-bc54c2a72765','Empresarial',802508,82000,90000
ES2520492467789497881377,'641c67b2-df77-392f-9ef2-b0cb29ff9f7f','Empresarial',923435,245000,200000
ES8830933816085803854628,'30a37f22-45bd-3ea3-b910-c15f2d20b8cb','Empresarial',809236.23,100000,100000
ES5601148740177915584141,'9c496750-76d5-3868-84b1-cf9e0b02a61a','Empresarial',687153.82,18,25000,25600
ES6820748839112848986438,'4c2aab6e-9f42-34a8-8f7e-1649e3906574','Empresarial',881764.07,90000,90000
ES5401220331370322420813,'1e2d2465-5825-372c-9cd8-05f2611ba3ed','Empresarial',811878,25000,13400
